{
    "vessel": {
        "vertical": {
            "description": "Vertical pressure vessel",
            "symbol_key": "vessel_vertical"
        }
    },
    "pump": {
        "centrifugal": {
            "description": "Centrifugal pump",
            "symbol_key": "pump_centrifugal"
        }
    },
    "heat_exchanger": {
        "shell_and_tube": {
            "description": "Shell and tube heat exchanger",
            "symbol_key": "heat_exchanger_st"
        }
    },
    "valve": {
        "gate": {
            "description": "Gate valve",
            "symbol_key": "valve_gate"
        }
    }
}